Position,Origin_URL,Image_Link,Manufacturer,Title,Model,Caliber,Color,Length,UPC,SKU,Item_Number,MSRP,Size,Grip_Length,Trigger_Distance,Final_category_adjusted_for_trigger_finger_length
1,https://www.smith-wesson.com/product/m-p-bodyguard-380-crimson-trace-,https://cdn11.bigcommerce.com/s-c7gr8wg3cg/products/129/images/2449/10048-mp-OnWhite_Left__34484.1675179064.220.290.png?c=1,Smith & Wesson,BODYGUARD 380 SERIES,M&P® BODYGUARD® 380 CRIMSON TRACE®,380 AUTO,BLACK,5.25,,10048,,$475.00,MICRO,1.27,2.66,16
2,https://www.smith-wesson.com/product/m-p-bodyguard-380-engraved,https://cdn11.bigcommerce.com/s-c7gr8wg3cg/products/144/images/2361/10110_01_lg_3__60972.1671129006.220.290.jpg?c=1,Smith & Wesson,BODYGUARD 380 SERIES,M&P® BODYGUARD® 380 ENGRAVED,380 AUTO,BLACK,5.25,,10110,,$430.00,MICRO,1.27,2.66,16
,https://www.smith-wesson.com/product/m-p-22-compact-threaded-barrel,https://cdn11.bigcommerce.com/s-c7gr8wg3cg/products/170/images/2215/10199-mp-features_013__75101.1675178652.220.290.png?c=1,Smith & Wesson,M&P 22 COMPACT SERIES,M&P®22 COMPACT THREADED BARREL,22 LR,BLACK,6.67,,10199,,$435.00,COMPACT,2.26,2.58,70
4,https://www.smith-wesson.com/product/sw22-victory-threaded-barrel,https://cdn11.bigcommerce.com/s-c7gr8wg3cg/products/179/images/2159/10201_01_lg__24833.1671115917.220.290.jpg?c=1,Smith & Wesson,SW22 VICTORY SERIES,SW22 VICTORY® THREADED BARREL,22 LR,SILVER,9.20,,10201,,$469.00,FULL,2.97,2.62,86
,https://www.smith-wesson.com/product/m-p-22-compact-cerakote-flat-dark-earth-threaded-barrel,https://cdn11.bigcommerce.com/s-c7gr8wg3cg/products/145/images/2356/10242_01_lg_0__08935.1671128759.220.290.jpg?c=1,Smith & Wesson,M&P 22 COMPACT SERIES,M&P®22 COMPACT CERAKOTE® FLAT DARK EARTH THREADED BARREL,22 LR,FDE,6.67,,10242,,$449.00,COMPACT,2.26,2.58,70
,https://www.smith-wesson.com/product/sw1911-10270,https://cdn11.bigcommerce.com/s-c7gr8wg3cg/products/362/images/1114/10270-sw-OnWhite-Left__30533.1675176606.220.290.png?c=1,Smith & Wesson,SW1911 SERIES,ENGRAVED 1911,45 AUTO,SILVER,8.70,,10270,,"$1,343.00",FULL,2.70,2.80,92
2,https://www.smith-wesson.com/product/sw22-victory-kryptek,https://cdn11.bigcommerce.com/s-c7gr8wg3cg/products/150/images/2329/10297_01_lg__92069.1671128037.220.290.jpg?c=1,Smith & Wesson,SW22 VICTORY SERIES,SW22 VICTORY® KRYPTEK,22 LR,CAMO,9.20,,10297,,$487.00,FULL,2.52,2.62,86
14,https://www.smith-wesson.com/product/m-p-9-m2.0,https://cdn11.bigcommerce.com/s-c7gr8wg3cg/products/165/images/2250/11521-mp-OnWhite-Left__41380.1675178877.220.290.png?c=1,Smith & Wesson,M&P 2.0 FULL SIZE SERIES,M&P®9 M2.0,9MM,BLACK,7.40,,11521,,$629.00,FULL,2.46,2.45,84
37,https://www.smith-wesson.com/product/m-p-40-m2.0-no-safety,https://cdn11.bigcommerce.com/s-c7gr8wg3cg/products/368/images/1060/11522-mp-OnWhite-Left__62979.1675176570.220.290.png?c=1,Smith & Wesson,M&P 2.0 FULL SIZE SERIES,M&P®40 M2.0 NO SAFETY,40 S&W,BLACK,7.40,,11522,,$629.00,FULL,2.27,2.30,66
17,https://www.smith-wesson.com/product/m-p-45-m2.0,https://cdn11.bigcommerce.com/s-c7gr8wg3cg/products/173/images/2193/11523_01_lg_0_0__19216.1671118113.220.290.jpg?c=1,Smith & Wesson,M&P 2.0 FULL SIZE SERIES,M&P®45 M2.0,45 AUTO,BLACK,7.90,,11523,,$629.00,FULL,2.66,2.71,90
38,https://www.smith-wesson.com/product/m-p-9-m2.0-thumb-safety,https://cdn11.bigcommerce.com/s-c7gr8wg3cg/products/369/images/1051/11524_01_lg_0_0__27481.1670621575.220.290.jpg?c=1,Smith & Wesson,M&P 2.0 FULL SIZE SERIES,M&P®9 M2.0 THUMB SAFETY,9MM,BLACK,7.40,,11524,,$629.00,FULL,2.08,3.09,58
39,https://www.smith-wesson.com/product/m-p-40-m2.0-thumb-safety,https://cdn11.bigcommerce.com/s-c7gr8wg3cg/products/371/images/1038/11525_01_lg_0__00468.1670621031.220.290.jpg?c=1,Smith & Wesson,M&P 2.0 FULL SIZE SERIES,M&P®40 M2.0 THUMB SAFETY,40 S&W,BLACK,7.40,,11525,,$629.00,FULL,2.54,2.60,86
20,https://www.smith-wesson.com/product/m-p-45-m2.0-thumb-safety,https://cdn11.bigcommerce.com/s-c7gr8wg3cg/products/187/images/2115/11526_01_lg_0_0__08874.1671113384.220.290.jpg?c=1,Smith & Wesson,M&P 2.0 FULL SIZE SERIES,M&P®45 M2.0 THUMB SAFETY,45 AUTO,BLACK,7.90,,11526,,$629.00,FULL,2.61,2.68,88
,https://www.smith-wesson.com/product/m-p-45-shield-m2.0-no-thumb-safety,https://cdn11.bigcommerce.com/s-c7gr8wg3cg/products/196/images/2073/11531_01_lg_10__89543.1671051992.220.290.jpg?c=1,Smith & Wesson,SHIELD M2.0 SERIES,M&P®45 SHIELD M2.0 NO THUMB SAFETY,45 AUTO,BLACK,6.45,,11531,,$505.00,MICRO-COMPACT,1.64,3.58,28
5,https://www.smith-wesson.com/product/sw22-victory-target-model,https://cdn11.bigcommerce.com/s-c7gr8wg3cg/products/216/images/1959/11536-sw-OnWhite-left__99327.1675178301.220.290.png?c=1,Smith & Wesson,SW22 VICTORY SERIES,SW22 VICTORY® TARGET MODEL,22 LR,SILVER,9.20,,11536,,$469.00,FULL,2.52,2.62,86
40,https://www.smith-wesson.com/product/m-p-9-m2.0-fde,https://cdn11.bigcommerce.com/s-c7gr8wg3cg/products/379/images/1008/11537_01_lg_1_1__49562.1670618500.220.290.jpg?c=1,Smith & Wesson,M&P 2.0 FULL SIZE SERIES,M&P®9 M2.0 FDE,9MM,FDE,8.25,,11537,,$629.00,FULL,2.49,2.58,86
7,https://www.smith-wesson.com/product/m-p-40-m2.0-fde,https://cdn11.bigcommerce.com/s-c7gr8wg3cg/products/127/images/2463/11595_01_lg_1_0__44085.1671132564.220.290.jpg?c=1,Smith & Wesson,M&P 2.0 FULL SIZE SERIES,M&P®40 M2.0 FDE,40 S&W,FDE,8.25,,11595,,$629.00,FULL,2.45,2.56,86
,https://www.smith-wesson.com/product/m-p-380-shield-ez-manual-thumb-safety,https://cdn11.bigcommerce.com/s-c7gr8wg3cg/products/148/images/2343/11663-mp-OnWhite-Left__91096.1675178949.220.290.png?c=1,Smith & Wesson,SHIELD EZ SERIES,M&P® BODYGUARD® 380 CRIMSON TRACE®,380 AUTO,BLACK,6.70,,11663,,$454.00,MICRO-COMPACT,1.27,3.62,28
,https://www.smith-wesson.com/product/m-p-9-shield-m2.0-integrated-crimson-trace-red-laser,https://cdn11.bigcommerce.com/s-c7gr8wg3cg/products/157/images/2294/11671_01_lg_0__67570.1671126760.220.290.jpg?c=1,Smith & Wesson,SHIELD M2.0 SERIES,M&P®9 SHIELD M2.0 INTEGRATED CRIMSON TRACE® RED LASER,9MM,BLACK,6.10,,11671,,$539.00,MICRO-COMPACT,1.68,3.63,28
1,https://www.smith-wesson.com/product/m-p-9-m2.0-4-inch-compact-no-thumb-safety,https://cdn11.bigcommerce.com/s-c7gr8wg3cg/products/166/images/2242/11683-mp-OnWhite-Left2__50884.1675178865.220.290.png?c=1,Smith & Wesson,M&P 2.0 COMPACT SERIES,M&P®9 M2.0 4 INCH COMPACT NO THUMB SAFETY,9MM,BLACK,7.25,,11683,,$598.00,COMPACT,2.15,2.65,56
,https://www.smith-wesson.com/product/m-p-40-m2.0-4-inch-compact-no-thumb-safety,https://cdn11.bigcommerce.com/s-c7gr8wg3cg/products/174/images/2189/11684-mp-OnWhite-Left__86530.1675178637.220.290.png?c=1,Smith & Wesson,M&P 2.0 COMPACT SERIES,M&P®40 M2.0 4 INCH COMPACT NO THUMB SAFETY,40 S&W,BLACK,7.25,,11684,,$598.00 ,COMPACT,2.15,2.65,56
5,https://www.smith-wesson.com/product/m-p-9-m2.0-4-inch-compact-thumb-safety,https://cdn11.bigcommerce.com/s-c7gr8wg3cg/products/184/images/2135/11686-mp-OnWhite-Left__98859.1675178580.220.290.png?c=1,Smith & Wesson,M&P 2.0 COMPACT SERIES,M&P®9 M2.0 4 INCH COMPACT THUMB SAFETY,9MM,BLACK,7.25,,11686,,$598.00,COMPACT,2.07,2.60,46
,https://www.smith-wesson.com/product/m-p-40-m2.0-4-inch-compact-thumb-safety,https://cdn11.bigcommerce.com/s-c7gr8wg3cg/products/195/images/2082/11687-mp-OnWhite-Left__93578.1675178512.220.290.png?c=1,Smith & Wesson,M&P 2.0 COMPACT SERIES,M&P®40 M2.0 4 INCH COMPACT THUMB SAFETY,40 S&W,BLACK,7.25,,11687,,$598.00,COMPACT,2.07,2.60,46
7,https://www.smith-wesson.com/product/m-p-9-m2.0-3.6-inch-compact-no-thumb-safety,https://cdn11.bigcommerce.com/s-c7gr8wg3cg/products/208/images/2009/11688_01_lg_0__34505.1671042525.220.290.jpg?c=1,Smith & Wesson,M&P 2.0 COMPACT SERIES,M&P®9 M2.0 3.6 INCH COMPACT NO THUMB SAFETY,9MM,BLACK,6.80,,11688,,$598.00,COMPACT,2.09,2.54,44
,https://www.smith-wesson.com/product/m-p-40-m2.0-3.6-inch-compact-no-thumb-safety,https://cdn11.bigcommerce.com/s-c7gr8wg3cg/products/220/images/1934/11691_01_lg__22904.1671034361.220.290.jpg?c=1,Smith & Wesson,M&P 2.0 COMPACT SERIES,M&P®40 M2.0 3.6 INCH COMPACT NO THUMB SAFETY,40 S&W,BLACK,6.80,,11691,,$598.00,COMPACT,2.91,2.55,84
10,https://www.smith-wesson.com/product/m-p-9-m2.0-3.6-inch-compact-thumb-safety,https://cdn11.bigcommerce.com/s-c7gr8wg3cg/products/229/images/1889/11694_01_lg__31685.1671029739.220.290.jpg?c=1,Smith & Wesson,M&P 2.0 COMPACT SERIES,M&P®9 M2.0 3.6 INCH COMPACT THUMB SAFETY,9MM,BLACK,17.30,,11694,,$598.00,COMPACT,2.06,2.53,36
,https://www.smith-wesson.com/product/m-p-40-m2.0-3.6-inch-compact-thumb-safety,https://cdn11.bigcommerce.com/s-c7gr8wg3cg/products/240/images/1831/11695_01_lg__96229.1670966936.220.290.jpg?c=1,Smith & Wesson,M&P 2.0 COMPACT SERIES,M&P®40 M2.0 3.6 INCH COMPACT THUMB SAFETY,40 S&W,BLACK,6.80,,11695,,$598.00,COMPACT,2.05,2.55,36
,https://www.smith-wesson.com/product/m-p-45-shield-m2.0-thumb-safety-compliant,https://cdn11.bigcommerce.com/s-c7gr8wg3cg/products/249/images/1788/11704_01_lg__49534.1670961821.220.290.jpg?c=1,Smith & Wesson,SHIELD M2.0 SERIES,M&P®45 SHIELD M2.0 THUMB SAFETY COMPLIANT,45 AUTO,BLACK,6.45,,11704,,$505.00,MICRO-COMPACT,1.64,3.58,28
31,https://www.smith-wesson.com/product/performance-center-m-p-45-m2.0-ported-core,https://cdn11.bigcommerce.com/s-c7gr8wg3cg/products/261/images/1709/11710_01_lg_0__99492.1670954337.220.290.jpg?c=1,Smith & Wesson,M&P 2.0 FULL SIZE SERIES,PERFORMANCE CENTER® M&P®45 M2.0 PORTED CORE,45 AUTO,BLACK,8.90,,11710,,$802.00,FULL,2.61,2.76,90
,https://www.smith-wesson.com/product/m-p-45-shield-m2.0-tritium-night-sights-no-thumb-safety,https://cdn11.bigcommerce.com/s-c7gr8wg3cg/products/434/images/753/11726_01_lg_5__97686.1670599574.220.290.jpg?c=1,Smith & Wesson,SHIELD M2.0 SERIES,M&P®45 SHIELD M2.0 TRITIUM NIGHT SIGHTS NO THUMB SAFETY,45 AUTO,BLACK,6.45,,11726,,$595.00,MICRO-COMPACT,1.64,3.58,28
44,https://www.smith-wesson.com/product/m-p-9-m2.0-15-rds,https://cdn11.bigcommerce.com/s-c7gr8wg3cg/products/436/images/750/11758_01_lg_0_0__46643.1670599226.220.290.jpg?c=1,Smith & Wesson,M&P 2.0 FULL SIZE SERIES,M&P®9 M2.0 15 RDS,9MM,BLACK,7.40,,11758,,$629.00,FULL,2.50,2.60,86
45,https://www.smith-wesson.com/product/m-p-9-m2.0-10-rds,https://cdn11.bigcommerce.com/s-c7gr8wg3cg/products/443/images/725/11761_01_lg_0_0__17937.1670597760.220.290.jpg?c=1,Smith & Wesson,M&P 2.0 FULL SIZE SERIES,M&P®9 M2.0 10 RDS,9MM,BLACK,7.40,,11761,,$629.00,FULL,2.51,2.61,86
46,https://www.smith-wesson.com/product/m-p-40-m2.0-10-rds,https://cdn11.bigcommerce.com/s-c7gr8wg3cg/products/445/images/728/11762_01_lg_1__13227.1670597918.220.290.jpg?c=1,Smith & Wesson,M&P 2.0 FULL SIZE SERIES,M&P®40 M2.0 10 RDS,40 S&W,BLACK,7.40,,11762,,$629.00,FULL,2.51,2.60,86
,https://www.smith-wesson.com/product/m-p-9-m2.0-compliant,https://cdn11.bigcommerce.com/s-c7gr8wg3cg/products/449/images/716/11763_01_lg_0_0__27530.1670597597.220.290.jpg?c=1,Smith & Wesson,M&P 2.0 FULL SIZE SERIES,M&P®9 M2.0 COMPLIANT,9MM,BLACK,7.40,,11763,,$629.00,FULL,2.48,2.60,86
49,https://www.smith-wesson.com/product/m-p-40-m2.0-carry-range-kit,https://cdn11.bigcommerce.com/s-c7gr8wg3cg/products/451/images/703/11766-mp-OnWhite-Left__98032.1675175945.220.290.png?c=1,Smith & Wesson,M&P 2.0 FULL SIZE SERIES,M&P®40 M2.0 CARRY & RANGE KIT,40 S&W,BLACK,7.40,,11766,,$678.00,FULL,2.24,2.29,58
50,https://www.smith-wesson.com/product/m-p-9-m2.0-truglo-tfx-sights,https://cdn11.bigcommerce.com/s-c7gr8wg3cg/products/452/images/696/11767-mp-OnWhite-Left__67793.1670597163.220.290.png?c=1,Smith & Wesson,M&P 2.0 FULL SIZE SERIES,M&P®9 M2.0 TRUGLO® TFX SIGHTS,9MM,FDE,7.40,,11767,,$779.00,FULL,2.25,2.39,58
51,https://www.smith-wesson.com/product/m-p-45-m2.0-truglo-tfx-sights,https://cdn11.bigcommerce.com/s-c7gr8wg3cg/products/453/images/689/11769_01_lg__29951.1670596928.220.290.jpg?c=1,Smith & Wesson,M&P 2.0 FULL SIZE SERIES,M&P®45 M2.0 TRUGLO® TFX SIGHTS,45 AUTO,FDE,7.90,,11769,,$779.00,FULL,2.55,2.66,88
52,https://www.smith-wesson.com/product/m-p-9-m2.0-with-threaded-barrel,https://cdn11.bigcommerce.com/s-c7gr8wg3cg/products/454/images/672/11770-mp-OnWhite_Left__40083.1670592103.220.290.png?c=1,Smith & Wesson,M&P 2.0 FULL SIZE SERIES,M&P® M2.0 WITH THREADED BARREL,9MM,BLACK,7.90,,11770,,$629.00,FULL,2.26,2.58,70
53,https://www.smith-wesson.com/product/m-p-45-m2.0-with-threaded-barrel,https://cdn11.bigcommerce.com/s-c7gr8wg3cg/products/455/images/599/11771_01_lg__97148.1670527642.220.290.jpg?c=1,Smith & Wesson,M&P 2.0 FULL SIZE SERIES,M&P®45 M2.0 WITH THREADED BARREL,9MM,BLACK,8.60,,11771,,$629.00,FULL,2.60,2.67,88
,https://www.smith-wesson.com/product/performance-center-m-p-9-shield-m2.0-4-barrel-optics-ready,https://cdn11.bigcommerce.com/s-c7gr8wg3cg/products/456/images/596/11786_01_lg_2__49035.1670527485.220.290.jpg?c=1,Smith & Wesson,SHIELD M2.0 SERIES,"PERFORMANCE CENTER® M&P®9 SHIELD M2.0 4"" BARREL OPTICS READY",9MM,BLACK,7.00,,11786,,$883.00,MICRO-COMPACT,2.14,2.63,56
,https://www.smith-wesson.com/product/performance-center-m-p-9-shield-m2.0-4-barrel,https://cdn11.bigcommerce.com/s-c7gr8wg3cg/products/457/images/588/11787_01_lg_1__32619.1670526837.220.290.jpg?c=1,Smith & Wesson,SHIELD M2.0 SERIES,"PERFORMANCE CENTER® M&P®9 SHIELD M2.0 4"" BARREL",9MM,BLACK,7.00,,11787,,$577.00,MICRO-COMPACT,2.14,2.63,56
,https://www.smith-wesson.com/product/performance-center-m-p-9-shield-m2.0-4-ported-barrel-slide,https://cdn11.bigcommerce.com/s-c7gr8wg3cg/products/458/images/580/11788_01_lg_1__91268.1670526597.220.290.jpg?c=1,Smith & Wesson,SHIELD M2.0 SERIES,"PERFORMANCE CENTER® M&P®9 SHIELD M2.0 4"" PORTED BARREL & SLIDE",9MM,BLACK,7.00,,11788,,$911.00,MICRO-COMPACT,2.14,2.63,56
,https://www.smith-wesson.com/product/performance-center-m-p-40-shield-m2.0-4-barrel,https://cdn11.bigcommerce.com/s-c7gr8wg3cg/products/134/images/2424/11796-pc-OnWhite-Left__43982.1675179030.220.290.png?c=1,Smith & Wesson,SHIELD M2.0 SERIES,"PERFORMANCE CENTER® M&P®40 SHIELD M2.0 4"" BARREL",40 S&W,BLACK,7.00,,11796,,$577.00,MICRO-COMPACT,2.12,2.62,46
,https://www.smith-wesson.com/product/performance-center-m-p-40-shield-m2.0-4-barrel-optics-ready,https://cdn11.bigcommerce.com/s-c7gr8wg3cg/products/140/images/2390/11797-pc-OnWhite-Left__57401.1675178993.220.290.png?c=1,Smith & Wesson,SHIELD M2.0 SERIES,"PERFORMANCE CENTER® M&P®40 SHIELD M2.0 4"" BARREL OPTICS READY",40 S&W,BLACK,7.00,,11797,,$883.00,MICRO-COMPACT,2.12,2.62,46
,https://www.smith-wesson.com/product/performance-center-m-p-40-shield-m2.0-4-ported-barrel-slide,https://cdn11.bigcommerce.com/s-c7gr8wg3cg/products/149/images/2337/11798_01_lg_0__26554.1671128169.220.290.jpg?c=1,Smith & Wesson,SHIELD M2.0 SERIES,"PERFORMANCE CENTER® M&P®40 SHIELD M2.0 4"" PORTED BARREL & SLIDE",40 S&W,BLACK,7.00,,11798,,$911.00,MICRO-COMPACT,2.12,2.62,46
,https://www.smith-wesson.com/product/m-p-9-shield-m2.0-manual-thumb-safety,https://cdn11.bigcommerce.com/s-c7gr8wg3cg/products/155/images/2305/11806-mp-OnWhite-Left2__30733.1675178915.220.290.png?c=1,Smith & Wesson,SHIELD M2.0 SERIES,M&P®9 SHIELD M2.0 MANUAL THUMB SAFETY,9MM,BLACK,6.10,,11806,,$505.00,MICRO-COMPACT,1.68,3.63,28
,https://www.smith-wesson.com/product/m-p-9-shield-m2.0-manual-thumb-safety-compliant,https://cdn11.bigcommerce.com/s-c7gr8wg3cg/products/162/images/2263/11807_01_lg_1__37704.1671121160.220.290.jpg?c=1,Smith & Wesson,SHIELD M2.0 SERIES,M&P®9 SHIELD M2.0 MANUAL THUMB SAFETY COMPLIANT,9MM,BLACK,6.10,,11807,,$505.00,MICRO-COMPACT,1.68,3.63,28
,https://www.smith-wesson.com/product/m-p-9-shield-m2.0,https://cdn11.bigcommerce.com/s-c7gr8wg3cg/products/171/images/2208/11808_01_lg_0__04172.1671118793.220.290.jpg?c=1,Smith & Wesson,SHIELD M2.0 SERIES,M&P®9 SHIELD M2.0,9MM,BLACK,6.10,,11808,,$505.00,MICRO-COMPACT,1.68,3.63,28
,https://www.smith-wesson.com/product/m-p-9-shield-m2.0-tritium-night-sights,https://cdn11.bigcommerce.com/s-c7gr8wg3cg/products/180/images/2155/11810_01_lg_0__26708.1671115585.220.290.jpg?c=1,Smith & Wesson,SHIELD M2.0 SERIES,M&P®9 SHIELD M2.0 TRITIUM NIGHT SIGHTS,9MM,BLACK,6.10,,11810,,$595.00,MICRO-COMPACT,1.68,3.63,28
,https://www.smith-wesson.com/product/m-p-9-shield-m2.0-laserguard-pro-green-laser-light-combo,https://cdn11.bigcommerce.com/s-c7gr8wg3cg/products/190/images/2100/11811_01_lg_0__25075.1671111957.220.290.jpg?c=1,Smith & Wesson,SHIELD M2.0 SERIES,M&P®9 SHIELD M2.0 LASERGUARD® PRO GREEN LASER/LIGHT COMBO,9MM,BLACK,6.10,,11811,,$710.00,MICRO-COMPACT,1.98,3.63,44
,https://www.smith-wesson.com/product/m-p-40-shield-m2.0-manual-thumb-safety,https://cdn11.bigcommerce.com/s-c7gr8wg3cg/products/198/images/2065/11812_01_lg__11410.1671049835.220.290.jpg?c=1,Smith & Wesson,SHIELD M2.0 SERIES,M&P®40 SHIELD M2.0 MANUAL THUMB SAFETY,40 S&W,BLACK,6.10,,11812,,$505.00,MICRO-COMPACT,1.68,3.58,28
,https://www.smith-wesson.com/product/m-p-40-shield-m2.0-no-thumb-safety,https://cdn11.bigcommerce.com/s-c7gr8wg3cg/products/207/images/2011/11814_01_lg__77885.1671043670.220.290.jpg?c=1,Smith & Wesson,SHIELD M2.0 SERIES,M&P®40 SHIELD M2.0 NO THUMB SAFETY,40 S&W,BLACK,6.10,,11814,,$505.00,MICRO-COMPACT,1.68,3.58,28
,https://www.smith-wesson.com/product/m-p-40-shield-m2.0-tritium-night-sights,https://cdn11.bigcommerce.com/s-c7gr8wg3cg/products/219/images/1939/11816_01_lg__56294.1671034749.220.290.jpg?c=1,Smith & Wesson,SHIELD M2.0 SERIES,M&P®40 SHIELD M2.0 TRITIUM NIGHT SIGHTS,40 S&W,BLACK,6.10,,11816,,$595.00,MICRO-COMPACT,1.68,3.58,28
28,https://www.smith-wesson.com/product/performance-center-m-p-9-m2.0-4.25-barrel-pro-series,https://cdn11.bigcommerce.com/s-c7gr8wg3cg/products/231/images/1878/11818_01_lg__05536.1671027366.220.290.jpg?c=1,Smith & Wesson,M&P 2.0 FULL SIZE SERIES,"PERFORMANCE CENTER® M&P® 9 M2.0 4.25"" BARREL PRO SERIES",45 AUTO,BLACK,7.50,,11818,,$702.00,FULL,2.65,2.66,88
29,https://www.smith-wesson.com/product/performance-center-m-p-40-m2.0-4.25-barrel-pro-series,https://cdn11.bigcommerce.com/s-c7gr8wg3cg/products/243/images/1825/11819_01_lg__45595.1670965668.220.290.jpg?c=1,Smith & Wesson,M&P 2.0 FULL SIZE SERIES,"PERFORMANCE CENTER® M&P®40 M2.0 4.25"" BARREL PRO SERIES",9MM,BLACK,7.50,,11819,,$702.00,FULL,2.70,2.49,84
30,https://www.smith-wesson.com/product/performance-center-m-p-9-m2.0-5-barrel-pro-series,https://cdn11.bigcommerce.com/s-c7gr8wg3cg/products/255/images/1753/11820-pc-OnWhite-Left__83075.1675178029.220.290.png?c=1,Smith & Wesson,M&P 2.0 FULL SIZE SERIES,"PERFORMANCE CENTER® M&P® 9 M2.0 5"" BARREL PRO SERIES",40 S&W,BLACK,8.50,,11820,,$723.00,FULL,2.61,2.66,88
32,https://www.smith-wesson.com/product/performance-center-m-p-40-m2.0-5-barrel-pro-series,https://cdn11.bigcommerce.com/s-c7gr8wg3cg/products/271/images/1644/11821_01_lg__79894.1670947581.220.290.jpg?c=1,Smith & Wesson,M&P 2.0 FULL SIZE SERIES,"PERFORMANCE CENTER® M&P® 40 M2.0 5"" BARREL PRO SERIES",9MM,BLACK,8.50,,11821,,$723.00,FULL,2.79,2.85,92
33,https://www.smith-wesson.com/product/performance-center-m-p-9-m2.0-4.25-ported-barrel-and-slide,https://cdn11.bigcommerce.com/s-c7gr8wg3cg/products/279/images/1588/11822_01_lg__40003.1670938727.220.290.jpg?c=1,Smith & Wesson,M&P 2.0 FULL SIZE SERIES,"PERFORMANCE CENTER® M&P®9 M2.0 4.25"" PORTED BARREL AND SLIDE",40 S&W,BLACK,7.50,,11822,,$760.00,FULL,2.58,2.70,88
8,https://www.smith-wesson.com/product/performance-center-m-p-40-m2.0-4.25-ported-barrel-and-slide,https://cdn11.bigcommerce.com/s-c7gr8wg3cg/products/133/images/2429/11823_01_lg__53038.1671131364.220.290.jpg?c=1,Smith & Wesson,M&P 2.0 FULL SIZE SERIES,"PERFORMANCE CENTER® M&P®40 M2.0 4.25"" PORTED BARREL AND SLIDE",9MM,BLACK,7.50,,11823,,$760.00,FULL,2.60,2.71,90
9,https://www.smith-wesson.com/product/performance-center-m-p-9-m2.0-5-ported-barrel-and-slide,https://cdn11.bigcommerce.com/s-c7gr8wg3cg/products/139/images/2395/11824_01_lg__74185.1671129838.220.290.jpg?c=1,Smith & Wesson,M&P 2.0 FULL SIZE SERIES,"PERFORMANCE CENTER® M&P®9 M2.0 5"" PORTED BARREL AND SLIDE",40 S&W,BLACK,8.50,,11824,,$781.00,FULL,2.65,2.73,90
10,https://www.smith-wesson.com/product/performance-center-m-p-40-m2.0-5-ported-barrel-and-slide,https://cdn11.bigcommerce.com/s-c7gr8wg3cg/products/146/images/2355/11825_01_lg__37070.1671128631.220.290.jpg?c=1,Smith & Wesson,M&P 2.0 FULL SIZE SERIES,"PERFORMANCE CENTER® M&P®40 M2.0 5"" PORTED BARREL AND SLIDE",9MM,BLACK,8.50,,11825,,$781.00,FULL,2.95,3.08,98
11,https://www.smith-wesson.com/product/performance-center-m-p-9-m2.0-c.o.r.e.-pro-series-4.25-barrel,https://cdn11.bigcommerce.com/s-c7gr8wg3cg/products/152/images/2317/11826_01_lg__96135.1671127808.220.290.jpg?c=1,Smith & Wesson,M&P 2.0 FULL SIZE SERIES,"PERFORMANCE CENTER® M&P®9 M2.0 C.O.R.E. PRO SERIES® 4.25"" BARREL",40 S&W,BLACK,7.50,,11826,,$760.00,FULL,2.64,2.67,88
12,https://www.smith-wesson.com/product/performance-center-m-p-40-m2.0-c.o.r.e.-pro-series-4.25-barrel,https://cdn11.bigcommerce.com/s-c7gr8wg3cg/products/158/images/2285/11827_01_lg__62382.1671124224.220.290.jpg?c=1,Smith & Wesson,M&P 2.0 FULL SIZE SERIES,"PERFORMANCE CENTER® M&P®40 M2.0 C.O.R.E. PRO SERIES® 4.25"" BARREL",9MM,BLACK,7.50,,11827,,$760.00,FULL,2.61,2.67,88
15,https://www.smith-wesson.com/product/performance-center-m-p-9-m2.0-c.o.r.e.-pro-series-5-barrel,https://cdn11.bigcommerce.com/s-c7gr8wg3cg/products/167/images/2237/11828-pc-OnWhite-Left__23704.1675178666.220.290.png?c=1,Smith & Wesson,M&P 2.0 FULL SIZE SERIES,"PERFORMANCE CENTER® M&P®9 M2.0 C.O.R.E. PRO SERIES® 5"" BARREL",40 S&W,BLACK,8.50,,11828,,$781.00,FULL,2.61,2.69,88
18,https://www.smith-wesson.com/product/performance-center-m-p-40-m2.0-c.o.r.e.-pro-series-5-barrel,https://cdn11.bigcommerce.com/s-c7gr8wg3cg/products/178/images/2165/11829_01_lg__64317.1671116114.220.290.jpg?c=1,Smith & Wesson,M&P 2.0 FULL SIZE SERIES,"PERFORMANCE CENTER® M&P®40 M2.0 C.O.R.E. PRO SERIES® 5"" BARREL",9MM,BLACK,8.50,,11829,,$781.00,FULL,2.29,2.89,78
19,https://www.smith-wesson.com/product/performance-center-m-p-9-m2.0-ported-4.25-barrel-slide-c.o.r.e,https://cdn11.bigcommerce.com/s-c7gr8wg3cg/products/186/images/2121/11831_01_lg__18679.1671114186.220.290.jpg?c=1,Smith & Wesson,M&P 2.0 FULL SIZE SERIES,PERFORMANCE CENTER® M&P®9 M2.0 PORTED 4.25 BARREL & SLIDE C.O.R.E.,40 S&W,BLACK,7.50,,11831,,$774.00,FULL,2.60,2.60,86
21,https://www.smith-wesson.com/product/performance-center-m-p-40-m2.0-ported-4.25-barrel-slide-c.o.r.e,https://cdn11.bigcommerce.com/s-c7gr8wg3cg/products/197/images/2068/11832_01_lg__48519.1671050705.220.290.jpg?c=1,Smith & Wesson,M&P 2.0 FULL SIZE SERIES,"PERFORMANCE CENTER® M&P®40 M2.0 PORTED 4.25"" BARREL & SLIDE C.O.R.E.",9MM,BLACK,7.50,,11832,,$774.00,FULL,2.71,2.55,84
25,https://www.smith-wesson.com/product/performance-center-mp-9-m20-ported-5-barrel-slide-core,https://cdn11.bigcommerce.com/s-c7gr8wg3cg/products/206/images/2017/11833-pc-OnWhite-Left__80169.1675178451.220.290.png?c=1,Smith & Wesson,M&P 2.0 FULL SIZE SERIES,PERFORMANCE CENTER® M&P®9 M2.0 PORTED 5 BARREL & SLIDE C.O.R.E.,40 S&W,BLACK,8.50,,11833,,$795.00,FULL,2.60,2.60,86
27,https://www.smith-wesson.com/product/performance-center-m-p-40-m2.0-ported-5-barrel-slide-c.o.r.e,https://cdn11.bigcommerce.com/s-c7gr8wg3cg/products/218/images/1949/11834_01_lg_0__19900.1671035001.220.290.jpg?c=1,Smith & Wesson,M&P 2.0 FULL SIZE SERIES,"PERFORMANCE CENTER® M&P®40 M2.0 PORTED 5"" BARREL & SLIDE C.O.R.E.",9MM,BLACK,8.50,,11834,,$795.00,FULL,2.66,2.75,90
,https://www.smith-wesson.com/product/performance-center-m-p-45-shield-m2.0-4-barrel,https://cdn11.bigcommerce.com/s-c7gr8wg3cg/products/232/images/1872/11864_01_lg_0__37646.1671027142.220.290.jpg?c=1,Smith & Wesson,SHIELD M2.0 SERIES,"PERFORMANCE CENTER® M&P®45 SHIELD M2.0 4"" BARREL",45 AUTO,BLACK,7.13,,11864,,$577.00,MICRO-COMPACT,2.41,2.69,80
,https://www.smith-wesson.com/product/performance-center-m-p-45-shield-m2.0-4-barrel-optics-ready,https://cdn11.bigcommerce.com/s-c7gr8wg3cg/products/247/images/1803/11865_01_lg_0__49814.1670963397.220.290.jpg?c=1,Smith & Wesson,SHIELD M2.0 SERIES,"PERFORMANCE CENTER® M&P®45 SHIELD M2.0 4"" BARREL OPTICS READY",45 AUTO,BLACK,7.13,,11865,,$883.00,MICRO-COMPACT,2.41,2.69,80
,https://www.smith-wesson.com/product/performance-center-m-p-45-shield-m2.0-4-ported-barrel-slide,https://cdn11.bigcommerce.com/s-c7gr8wg3cg/products/260/images/1719/11866_01_lg_0__70478.1670954963.220.290.jpg?c=1,Smith & Wesson,SHIELD M2.0 SERIES,"PERFORMANCE CENTER® M&P®45 SHIELD M2.0 4"" PORTED BARREL & SLIDE",45 AUTO,BLACK,7.13,,11866,,$911.00,MICRO-COMPACT,2.14,2.69,56
,https://www.smith-wesson.com/product/performance-center-ported-m-p-9-shield-m2.0-hi-viz-sights,https://cdn11.bigcommerce.com/s-c7gr8wg3cg/products/269/images/1664/11867-pc-OnWhite-Left__06616.1675177851.220.290.png?c=1,Smith & Wesson,SHIELD M2.0 SERIES,PERFORMANCE CENTER® PORTED M&P®9 SHIELD M2.0 HI VIZ® SIGHTS,9MM,BLACK,6.10,,11867,,$584.00,MICRO-COMPACT,1.80,2.81,20
,https://www.smith-wesson.com/product/performance-center-ported-m-p-40-shield-m2.0-hi-viz-sights,https://cdn11.bigcommerce.com/s-c7gr8wg3cg/products/546/images/2757/11868-pc-OnWhite-Left__51478.1675175572.220.290.png?c=1,Smith & Wesson,SHIELD M2.0 SERIES,PERFORMANCE CENTER® PORTED M&P®40 SHIELD M2.0 HI VIZ® SIGHTS,40 S&W,BLACK,6.10,,11868,,$584.00,MICRO-COMPACT,2.42,2.76,90
,https://www.smith-wesson.com/product/performance-center-ported-m-p-9-shield-m2.0-tritium-night-sights,https://cdn11.bigcommerce.com/s-c7gr8wg3cg/products/555/images/2707/11869_1_1__62610.1671213864.220.290.jpg?c=1,Smith & Wesson,SHIELD M2.0 SERIES,PERFORMANCE CENTER® PORTED M&P®9 SHIELD M2.0 TRITIUM NIGHT SIGHTS,9MM,BLACK,6.10,,11869,,$675.00,MICRO-COMPACT,1.80,2.81,20
,https://www.smith-wesson.com/product/performance-center-ported-m-p-40-shield-m2.0-tritium-night-sights,https://cdn11.bigcommerce.com/s-c7gr8wg3cg/products/548/images/2747/11870-pc-OnWhite-Left__17758.1675175557.220.290.png?c=1,Smith & Wesson,SHIELD M2.0 SERIES,PERFORMANCE CENTER® PORTED M&P®40 SHIELD M2.0 TRITIUM NIGHT SIGHTS,40 S&W,BLACK,6.10,,11870,,$675.00,MICRO-COMPACT,2.09,2.64,48
,https://www.smith-wesson.com/product/m-p-9-shield-hi-viz-sights,https://cdn11.bigcommerce.com/s-c7gr8wg3cg/products/135/images/2415/11905_01_lg_6__14159.1671130789.220.290.jpg?c=1,Smith & Wesson,SHIELD SERIES,M&P®9 SHIELD HI VIZ® SIGHTS,9MM,BLACK,6.10,,11905,,$536.00,MICRO-COMPACT,2.09,2.60,46
,https://www.smith-wesson.com/product/m-p-40-shield-hi-viz-sights,https://cdn11.bigcommerce.com/s-c7gr8wg3cg/products/141/images/2380/11906_01_lg_5__34536.1671129594.220.290.jpg?c=1,Smith & Wesson,SHIELD SERIES,M&P®40 SHIELD HI VIZ® SIGHTS,40 S&W,BLACK,6.10,,11906,,$536.00,MICRO-COMPACT,1.68,3.58,28
,https://www.smith-wesson.com/product/s-w-sd9-ve-hi-viz-sights,https://cdn11.bigcommerce.com/s-c7gr8wg3cg/products/147/images/2347/11907-sw-OnWhite-Left__13039.1675178957.220.290.png?c=1,Smith & Wesson,SDVE SERIES,S&W SD9 VE HI VIZ® SIGHTS,9MM,TWO TONE,7.20,,11907,,$455.00,COMPACT,2.50,2.56,86
,https://www.smith-wesson.com/product/sdve-11908,https://cdn11.bigcommerce.com/s-c7gr8wg3cg/products/153/images/2313/11908-sw-OnWhite-Left__92564.1675178925.220.290.png?c=1,Smith & Wesson,SDVE SERIES,S&W SD40 VE HI VIZ® SIGHTS,40 S&W,TWO TONE,7.20,,11908,,$455.00,COMPACT,2.47,2.61,86
13,https://www.smith-wesson.com/product/m-p-9-m2.0-no-thumb-safety-flat-dark-earth,https://cdn11.bigcommerce.com/s-c7gr8wg3cg/products/164/images/2252/11989_01_lg__85170.1671120616.220.290.jpg?c=1,Smith & Wesson,M&P 2.0 FULL SIZE SERIES,M&P®9 M2.0 NO THUMB SAFETY FLAT DARK EARTH,40 S&W,FDE,8.25,,11989,,$629.00,FULL,2.48,2.55,84
,https://www.smith-wesson.com/product/sd-11995,https://cdn11.bigcommerce.com/s-c7gr8wg3cg/products/175/images/2184/11995-sw-OnWhite-Left__96870.1675178631.220.290.png?c=1,Smith & Wesson,SD SERIES,S&W SD9 GRAY FRAME FINISH,9MM,GRAY,7.20,,11995,,$406.00,COMPACT,2.50,2.56,86
,https://www.smith-wesson.com/product/sd-11996,https://cdn11.bigcommerce.com/s-c7gr8wg3cg/products/183/images/2140/11996-sw-OnWhite-Left__06462.1675178587.220.290.png?c=1,Smith & Wesson,SD SERIES,S&W SD40 GRAY FRAME FINISH,40 S&W,GRAY,7.20,,11996,,$406.00,COMPACT,2.47,2.61,86
,https://www.smith-wesson.com/product/s-w-sd9-flat-dark-earth-frame-finish,https://cdn11.bigcommerce.com/s-c7gr8wg3cg/products/193/images/2086/11998-sw-OnWhite-Left__49295.1675178524.220.290.png?c=1,Smith & Wesson,SD SERIES,S&W SD9 FLAT DARK EARTH FRAME FINISH,9MM,FDE,7.20,,11998,,$406.00,COMPACT,2.50,2.56,86
,https://www.smith-wesson.com/product/sd-11999,https://cdn11.bigcommerce.com/s-c7gr8wg3cg/products/200/images/2053/11999-sw-OnWhite-Left__98926.1675178490.220.290.png?c=1,Smith & Wesson,SD SERIES,S&W SD40 FLAT DARK EARTH FRAME FINISH,40 S&W,FDE,7.20,,11999,,$406.00,COMPACT,2.47,2.61,86
6,https://www.smith-wesson.com/product/performance-center-sw22-victory-target-model-fiber-optic-sights,https://cdn11.bigcommerce.com/s-c7gr8wg3cg/products/263/images/1698/12078-pc-OnWhite-Left__46211.1675177992.220.290.png?c=1,Smith & Wesson,SW22 VICTORY SERIES,PERFORMANCE CENTER® SW22 VICTORY® TARGET MODEL FIBER OPTIC SIGHTS,22 LR,SILVER,11.25,,12078,,$746.00,FULL,2.41,2.70,80
7,https://www.smith-wesson.com/product/performance-center-sw22-victory-target-model-6-fluted-barrel-red-dot-sight,https://cdn11.bigcommerce.com/s-c7gr8wg3cg/products/275/images/1618/12079-pc-OnWhite-Left__20398.1675177813.220.290.png?c=1,Smith & Wesson,SW22 VICTORY SERIES,"PERFORMANCE CENTER® SW22 VICTORY® TARGET MODEL 6"" FLUTED BARREL RED DOT SIGHT",22 LR,SILVER,11.25,,12079,,$945.00,FULL,2.41,2.70,80
1,https://www.smith-wesson.com/product/performance-center-sw22-victory-target-model-6-carbon-fiber-target-barrel,https://cdn11.bigcommerce.com/s-c7gr8wg3cg/products/143/images/2368/12080-pc-OnWhite-Left__68308.1675178976.220.290.png?c=1,Smith & Wesson,SW22 VICTORY SERIES,"PERFORMANCE CENTER® SW22 VICTORY® TARGET MODEL 6"" CARBON FIBER TARGET BARREL",22 LR,SILVER,11.25,,12080,,$746.00,FULL,2.41,2.70,80
3,https://www.smith-wesson.com/product/performance-center-sw22-victory-target-model-6-carbon-fiber-target-barrel-red-dot-sight,https://cdn11.bigcommerce.com/s-c7gr8wg3cg/products/151/images/2324/12081-pc-OnWhite-Left__05113.1675178936.220.290.png?c=1,Smith & Wesson,SW22 VICTORY SERIES,"PERFORMANCE CENTER® SW22 VICTORY® TARGET MODEL 6"" CARBON FIBER TARGET BARREL RED DOT SIGHT",22 LR,SILVER,11.25,,12081,,$945.00,FULL,2.41,2.70,80
,https://www.smith-wesson.com/product/m-p-45-shield-m2.0-integrated-crimson-trace-red-laser-manual-thumb-safety,https://cdn11.bigcommerce.com/s-c7gr8wg3cg/products/160/images/2273/12087_01_lg__72824.1671122344.220.290.jpg?c=1,Smith & Wesson,SHIELD M2.0 SERIES,M&P®45 SHIELD M2.0 INTEGRATED CRIMSON TRACE® RED LASER MANUAL THUMB SAFETY,45 AUTO,BLACK,6.45,,12087,,$539.00,MICRO-COMPACT,1.64,3.58,28
,https://www.smith-wesson.com/product/m-p-45-m2.0-4-inch-compact-thumb-safety,https://cdn11.bigcommerce.com/s-c7gr8wg3cg/products/169/images/2224/12105_01_lg_2__63188.1671119566.220.290.jpg?c=1,Smith & Wesson,M&P 2.0 COMPACT SERIES,M&P®45 M2.0 4 INCH COMPACT THUMB SAFETY,45 AUTO,BLACK,7.25,,12105,,$598.00,COMPACT,1.64,3.58,28
4,https://www.smith-wesson.com/product/m-p-45-m2.0-4-inch-compact-no-thumb-safety,https://cdn11.bigcommerce.com/s-c7gr8wg3cg/products/177/images/2172/12106_01_lg_1__02726.1671116622.220.290.jpg?c=1,Smith & Wesson,M&P 2.0 COMPACT SERIES,M&P®45 M2.0 4 INCH COMPACT NO THUMB SAFETY,45 AUTO,BLACK,7.25,,12106,,$598.00,COMPACT,2.18,2.60,54
,https://www.smith-wesson.com/product/m-p-9-shield-ez-manual-thumb-safety,https://cdn11.bigcommerce.com/s-c7gr8wg3cg/products/189/images/2109/12436-mp-OnWhite-Left__34178.1675178550.220.290.png?c=1,Smith & Wesson,SHIELD EZ SERIES,M&P®9 SHIELD EZ® MANUAL THUMB SAFETY,9MM,BLACK,6.80,,12436,,$521.00,MICRO-COMPACT,2.18,2.60,54
,https://www.smith-wesson.com/product/m-p-9-shield-ez-no-thumb-safety,https://cdn11.bigcommerce.com/s-c7gr8wg3cg/products/209/images/2002/12437-mp-OnWhite-Left__07453.1675178438.220.290.png?c=1,Smith & Wesson,SHIELD EZ SERIES,M&P®9 SHIELD EZ® NO THUMB SAFETY,9MM,BLACK,6.80,,12437,,$521.00,MICRO-COMPACT,2.18,2.60,54
,https://www.smith-wesson.com/product/m-p-9-shield-ez-manual-thumb-safety-crimson-trace-red-laserguard-,https://cdn11.bigcommerce.com/s-c7gr8wg3cg/products/222/images/1926/12438-mp-OnWhite-Left__06230.1675178260.220.290.png?c=1,Smith & Wesson,SHIELD EZ SERIES,M&P®9 SHIELD EZ® MANUAL THUMB SAFETY CRIMSON TRACE® RED LASERGUARD®,9MM,BLACK,6.80,,12438,,$627.00,MICRO-COMPACT,2.09,2.60,46
,https://www.smith-wesson.com/product/m-p-9-shield-ez-no-thumb-safety-crimson-trace-red-laserguard-,https://cdn11.bigcommerce.com/s-c7gr8wg3cg/products/562/images/2665/12439-mp-OnWhite-Left__56623.1675175451.220.290.png?c=1,Smith & Wesson,SHIELD EZ SERIES,M&P®9 SHIELD EZ® NO THUMB SAFETY CRIMSON TRACE® RED LASERGUARD®,9MM,BLACK,6.80,,12439,,$627.00,MICRO-COMPACT,2.12,2.60,46
11,https://www.smith-wesson.com/product/m-p-9-m2.0-4-inch-compact-no-thumb-safety-flat-dark-earth,https://cdn11.bigcommerce.com/s-c7gr8wg3cg/products/234/images/1861/12458-mp-OnWhite-Right2__08614.1675178197.220.290.png?c=1,Smith & Wesson,M&P 2.0 COMPACT SERIES,M&P®9 M2.0 4 INCH COMPACT NO THUMB SAFETY FLAT DARK EARTH,9MM,FDE,7.25,,12458,,$598.00,COMPACT,2.15,2.63,56
14,https://www.smith-wesson.com/product/m-p-9-m2.0-4-inch-compact-flat-dark-earth-thumb-safety,https://cdn11.bigcommerce.com/s-c7gr8wg3cg/products/245/images/1813/12459-mp-OnWhite-Left__82611.1675178076.220.290.png?c=1,Smith & Wesson,M&P 2.0 COMPACT SERIES,M&P®9 M2.0 4 INCH COMPACT FLAT DARK EARTH THUMB SAFETY,9MM,FDE,7.25,,12459,,$598.00,COMPACT,2.08,2.57,46
18,https://www.smith-wesson.com/product/m-p-9-m2.0-4-inch-compact-no-thumb-safety-10-rounds,https://cdn11.bigcommerce.com/s-c7gr8wg3cg/products/292/images/1526/11683_01_lg_3__10721.1670879219.220.290.jpg?c=1,Smith & Wesson,M&P 2.0 COMPACT SERIES,M&P®9 M2.0 4 INCH COMPACT NO THUMB SAFETY 10 ROUNDS,9MM,BLACK,7.25,,12464,,$598.00,COMPACT,2.05,2.60,38
19,https://www.smith-wesson.com/product/m-p-9-m2.0-4-inch-compact-thumb-safety-10-rounds,https://cdn11.bigcommerce.com/s-c7gr8wg3cg/products/303/images/1453/11686_01_lg_3__93322.1670875787.220.290.jpg?c=1,Smith & Wesson,M&P 2.0 COMPACT SERIES,M&P®9 M2.0 4 INCH COMPACT THUMB SAFETY 10 ROUNDS,9MM,BLACK,7.25,,12465,,$598.00,COMPACT,2.05,2.58,38
20,https://www.smith-wesson.com/product/m-p-9-m2.0-4-inch-compact-compliant,https://cdn11.bigcommerce.com/s-c7gr8wg3cg/products/315/images/1383/12466-mp-OnWhite-Left__24093.1675177061.220.290.png?c=1,Smith & Wesson,M&P 2.0 COMPACT SERIES,M&P®9 M2.0 4 INCH COMPACT COMPLIANT,9MM,BLACK,7.25,,12466,,$598.00,COMPACT,2.03,2.59,38
,https://www.smith-wesson.com/product/m-p-9-shield-m2.0-integrated-crimson-trace-red-laser-compliant,https://cdn11.bigcommerce.com/s-c7gr8wg3cg/products/159/images/2278/12468_01_lg_1__69706.1671123537.220.290.jpg?c=1,Smith & Wesson,SHIELD M2.0 SERIES,M&P®9 SHIELD M2.0 INTEGRATED CRIMSON TRACE® RED LASER COMPLIANT,9MM,BLACK,6.10,,12468,,$539.00,MICRO-COMPACT,1.68,3.63,28
16,https://www.smith-wesson.com/product/performance-center-m-p-9-m2.0-crimson-trace-red-dot-optic,https://cdn11.bigcommerce.com/s-c7gr8wg3cg/products/168/images/2232/12470_01_lg_1__40578.1671119692.220.290.jpg?c=1,Smith & Wesson,M&P 2.0 FULL SIZE SERIES,PERFORMANCE CENTER® M&P®9 M2.0 CRIMSON TRACE® RED DOT OPTIC,9MM,BLACK,8.50,,12470,,$914.00,FULL,2.70,2.80,92
,https://www.smith-wesson.com/product/performance-center-ported-m-p-9-shield-m2.0-every-day-carry-kit,https://cdn11.bigcommerce.com/s-c7gr8wg3cg/products/176/images/2175/11867_01_lg_4__88727.1671117124.220.290.jpg?c=1,Smith & Wesson,SHIELD M2.0 SERIES,PERFORMANCE CENTER® PORTED M&P®9 SHIELD M2.0 EVERY DAY CARRY KIT,9MM,BLACK,6.10,,12471,,$598.00,MICRO-COMPACT,2.39,2.70,80
,https://www.smith-wesson.com/product/performance-center-ported-m-p-45-shield-m2.0-hi-viz-sights,https://cdn11.bigcommerce.com/s-c7gr8wg3cg/products/551/images/2732/12473_1_0__83042.1671214504.220.290.jpg?c=1,Smith & Wesson,SHIELD M2.0 SERIES,PERFORMANCE CENTER® PORTED M&P®45 SHIELD M2.0 HI VIZ® SIGHTS,45 AUTO,BLACK,6.50,,12473,,$584.00,MICRO-COMPACT,2.09,2.64,48
,https://www.smith-wesson.com/product/performance-center-ported-m-p-45-shield-m2.0-tritium-night-sights,https://cdn11.bigcommerce.com/s-c7gr8wg3cg/products/553/images/2718/12474_1_0__18021.1671214162.220.290.jpg?c=1,Smith & Wesson,SHIELD M2.0 SERIES,PERFORMANCE CENTER® PORTED M&P®45 SHIELD M2.0 TRITIUM NIGHT SIGHTS,45 AUTO,BLACK,6.50,,12474,,$675.00,MICRO-COMPACT,2.39,2.70,80
,https://www.smith-wesson.com/product/m-p-9-m2.0-subcompact-no-thumb-safety,https://cdn11.bigcommerce.com/s-c7gr8wg3cg/products/185/images/2128/12481-mp-OnWhite-Left2__09349.1675178571.220.290.png?c=1,Smith & Wesson,M&P 2.0 SUBCOMPACT SERIES,M&P®9 M2.0 SUBCOMPACT NO THUMB SAFETY,9MM,BLACK,6.60,,12481,,$598.00,SUBCOMPACT,1.55,3.08,26
,https://www.smith-wesson.com/product/m-p-9-m2.0-subcompact-manual-thumb-safety,https://cdn11.bigcommerce.com/s-c7gr8wg3cg/products/194/images/2839/12482_01_lg__61361.1671217051.220.290.jpg?c=1,Smith & Wesson,M&P 2.0 SUBCOMPACT SERIES,M&P®9 M2.0 SUBCOMPACT MANUAL THUMB SAFETY,9MM,BLACK,6.60,,12482,,$598.00,SUBCOMPACT,1.99,2.66,32
,https://www.smith-wesson.com/product/s-w-csx-9mm-10rd,https://cdn11.bigcommerce.com/s-c7gr8wg3cg/products/235/images/1901/13661-sw-OnWhite-Left__02587.1675178190.220.290.png?c=1,Smith & Wesson,CSX SERIES,S&W® CSX 9MM,9MM,BLACK,6.10,,12615,,$609.00,MICRO-COMPACT,2.06,2.55,36
,https://www.smith-wesson.com/product/performance-center-m-p-380-shield-ez-m2.0-black-ported-barrel,https://cdn11.bigcommerce.com/s-c7gr8wg3cg/products/256/images/1748/12717-pc-OnWhite-Left__91253.1675178023.220.290.png?c=1,Smith & Wesson,SHIELD EZ SERIES,PERFORMANCE CENTER® M&P®380 SHIELD EZ® M2.0 BLACK PORTED BARREL,380 AUTO,BLACK,6.90,,12717,,$564.00,MICRO-COMPACT,2.33,2.64,80
,https://www.smith-wesson.com/product/performance-center-m-p-380-shield-ez-m2.0-silver-ported-barrel,https://cdn11.bigcommerce.com/s-c7gr8wg3cg/products/272/images/3315/12718_01_lg_0_0__98227.1675177835.220.290.jpg?c=1,Smith & Wesson,SHIELD EZ SERIES,PERFORMANCE CENTER® M&P®380 SHIELD EZ® M2.0 SILVER PORTED BARREL,380 AUTO,BLACK,6.90,,12718,,$564.00,MICRO-COMPACT,2.33,2.64,80
,https://www.smith-wesson.com/product/performance-center-m-p-380-shield-ez-m2.0-gold-ported-barrel,https://cdn11.bigcommerce.com/s-c7gr8wg3cg/products/280/images/1582/12719-pc-OnWhite-Left__00998.1675177792.220.290.png?c=1,Smith & Wesson,SHIELD EZ SERIES,PERFORMANCE CENTER® M&P®380 SHIELD EZ® M2.0 GOLD PORTED BARREL,380 AUTO,BLACK,6.90,,12719,,$564.00,MICRO-COMPACT,2.33,2.64,80
,https://www.smith-wesson.com/product/m-p-9-shield-ez-truglo-tritium-pro-night-sights-manual-thumb-safety,https://cdn11.bigcommerce.com/s-c7gr8wg3cg/products/182/images/3313/12436-mp-OnWhite-Left2_1__32170.1675178594.220.290.png?c=1,Smith & Wesson,SHIELD EZ SERIES,M&P®9 SHIELD EZ® TRUGLO® TRITIUM PRO NIGHT SIGHTS MANUAL THUMB SAFETY,9MM,BLACK,6.80,,13001,,$605.00,MICRO-COMPACT,2.18,2.60,54
,https://www.smith-wesson.com/product/m-p-9-shield-ez-truglo-tritium-pro-night-sights-no-thumb-safety,https://cdn11.bigcommerce.com/s-c7gr8wg3cg/products/191/images/3314/12437-mp-OnWhite-Left_0_1__22439.1675178540.220.290.png?c=1,Smith & Wesson,SHIELD EZ SERIES,M&P®9 SHIELD EZ® TRUGLO® TRITIUM PRO NIGHT SIGHTS NO THUMB SAFETY,9MM,BLACK,6.80,,13002,,$605.00,MICRO-COMPACT,2.10,2.60,46
24,https://www.smith-wesson.com/product/m-p-45-m2.0-no-thumb-safety-compliant,https://cdn11.bigcommerce.com/s-c7gr8wg3cg/products/204/images/2027/13007_01_lg_0__36068.1671046250.220.290.jpg?c=1,Smith & Wesson,M&P 2.0 FULL SIZE SERIES,M&P®45 M2.0 NO THUMB SAFETY COMPLIANT,9MM,BLACK,7.90,,13007,,$629.00,FULL,2.63,2.72,90
8,https://www.smith-wesson.com/product/m-p-9-m2.0-3.6-inch-compact-compliant,https://cdn11.bigcommerce.com/s-c7gr8wg3cg/products/217/images/1954/13008_01_lg_0__20620.1671035377.220.290.jpg?c=1,Smith & Wesson,M&P 2.0 COMPACT SERIES,M&P®9 M2.0 3.6 INCH COMPACT COMPLIANT,9MM,BLACK,6.80,,13008,,$598.00,COMPACT,2.06,2.52,36
,https://www.smith-wesson.com/product/m-p-9-m2.0-subcompact-manual-thumb-safety-compliant,https://cdn11.bigcommerce.com/s-c7gr8wg3cg/products/227/images/2830/13010_01_lg_0__48414.1671216698.220.290.jpg?c=1,Smith & Wesson,M&P 2.0 SUBCOMPACT SERIES,M&P®9 M2.0 SUBCOMPACT MANUAL THUMB SAFETY COMPLIANT,9MM,BLACK,6.60,,13010,,$598.00,SUBCOMPACT,1.62,2.84,20
12,https://www.smith-wesson.com/product/m-p-9-m2.0-compact-threaded-barrel-15-round,https://cdn11.bigcommerce.com/s-c7gr8wg3cg/products/236/images/1857/13111_01_lg__11062.1671025779.220.290.jpg?c=1,Smith & Wesson,M&P 2.0 COMPACT SERIES,M&P®9 M2.0 COMPACT THREADED BARREL 15 ROUND,9MM,BLACK,7.25,,13111,,$598.00,COMPACT,1.92,2.41,18
,https://www.smith-wesson.com/product/m-p-9-m2.0-compact-threaded-barrel-10-round,https://cdn11.bigcommerce.com/s-c7gr8wg3cg/products/246/images/1805/13111_01_lg__85807.1670964028.220.290.jpg?c=1,Smith & Wesson,M&P 2.0 COMPACT SERIES,M&P®9 M2.0 COMPACT THREADED BARREL 10 ROUND,9MM,BLACK,7.25,,13112,,$598.00,COMPACT,1.93,2.37,18
16,https://www.smith-wesson.com/product/m-p-9-m2.0-4-inch-compact-optics-ready-no-thumb-safety,https://cdn11.bigcommerce.com/s-c7gr8wg3cg/products/258/images/1727/13143-mp-OnWhite-Left__55637.1670956019.220.290.png?c=1,Smith & Wesson,M&P 2.0 COMPACT SERIES,M&P®9 M2.0 4 INCH COMPACT OPTICS READY NO THUMB SAFETY,9MM,BLACK,7.25,,13143,,$654.00,COMPACT,1.83,2.30,10
17,https://www.smith-wesson.com/product/m-p-9-m2.0-4-inch-compact-optics-ready-thumb-safety,https://cdn11.bigcommerce.com/s-c7gr8wg3cg/products/267/images/1677/13144-mp-OnWhite-Left__86196.1675177864.220.290.png?c=1,Smith & Wesson,M&P 2.0 COMPACT SERIES,M&P®9 M2.0 4 INCH COMPACT OPTICS READY THUMB SAFETY,9MM,BLACK,7.25,,13144,,$654.00,COMPACT,2.03,2.53,36
34,https://www.smith-wesson.com/product/m-p-9-m2.0-metal,https://cdn11.bigcommerce.com/s-c7gr8wg3cg/products/283/images/1563/13194-mp-OnWhite-Left__70010.1675177772.220.290.png?c=1,Smith & Wesson,M&P 2.0 FULL SIZE SERIES,M&P®9 M2.0 METAL,45 AUTO,GRAY,7.40,,13194,,$899.00,FULL,2.55,2.74,90
3,https://www.smith-wesson.com/product/performance-center-m-p-9-m2.0-competitor-10-rounds,https://cdn11.bigcommerce.com/s-c7gr8wg3cg/products/297/images/1487/13198-OnWhite-Left__54016.1675177691.220.290.png?c=1,Smith & Wesson,M&P 2.0 FULL SIZE SERIES,PERFORMANCE CENTER® M&P®9 M2.0 COMPETITOR 10 ROUNDS,9MM,GRAY,8.25,,13198,,$999.00,FULL,2.35,2.40,74
4,https://www.smith-wesson.com/product/performance-center-m-p-9-m2.0-competitor-17-rounds,https://cdn11.bigcommerce.com/s-c7gr8wg3cg/products/309/images/1418/13199-OnWhite-Left__08756.1675177583.220.290.png?c=1,Smith & Wesson,M&P 2.0 FULL SIZE SERIES,PERFORMANCE CENTER® M&P®9 M2.0 COMPETITOR 17 ROUNDS,9MM,GRAY,8.25,,13199,,$999.00,FULL,2.35,2.40,74
,https://www.smith-wesson.com/product/performance-center-m-p-9-shield-ez-black-ported-barrel-manual-thumb-safety,https://cdn11.bigcommerce.com/s-c7gr8wg3cg/products/318/images/3316/13223-01-lg_0_0__55799.1675177041.220.290.jpg?c=1,Smith & Wesson,SHIELD EZ SERIES,PERFORMANCE CENTER® M&P®9 SHIELD EZ® BLACK PORTED BARREL MANUAL THUMB SAFETY,9MM,BLACK,7.00,,13223,,$643.00,MICRO-COMPACT,2.26,2.62,70
,https://www.smith-wesson.com/product/performance-center-m-p-9-shield-ez-black-ported-barrel-no-thumb-safety,https://cdn11.bigcommerce.com/s-c7gr8wg3cg/products/324/images/3317/13224-01-lg_0_0__37261.1675177007.220.290.jpg?c=1,Smith & Wesson,SHIELD EZ SERIES,PERFORMANCE CENTER® M&P®9 SHIELD EZ® BLACK PORTED BARREL NO THUMB SAFETY,9MM,BLACK,7.00,,13224,,$643.00,MICRO-COMPACT,2.26,2.62,70
,https://www.smith-wesson.com/product/performance-center-m-p-9-shield-ez-silver-ported-barrel-manual-thumb-safety,https://cdn11.bigcommerce.com/s-c7gr8wg3cg/products/181/images/3319/13225-01-lg_0_0__09269.1675178601.220.290.jpg?c=1,Smith & Wesson,SHIELD EZ SERIES,PERFORMANCE CENTER® M&P®9 SHIELD EZ® SILVER PORTED BARREL MANUAL THUMB SAFETY,9MM,BLACK,7.00,,13225,,$643.00,MICRO-COMPACT,2.26,2.62,70
,https://www.smith-wesson.com/product/performance-center-m-p-9-shield-ez-silver-ported-barrel-no-thumb-safety,https://cdn11.bigcommerce.com/s-c7gr8wg3cg/products/192/images/3318/13226-01-lg_0_0__13867.1675178531.220.290.jpg?c=1,Smith & Wesson,SHIELD EZ SERIES,PERFORMANCE CENTER® M&P®9 SHIELD EZ® SILVER PORTED BARREL NO THUMB SAFETY,9MM,BLACK,7.00,,13226,,$643.00,MICRO-COMPACT,2.26,2.62,70
,https://www.smith-wesson.com/product/performance-center-m-p-9-shield-ez-gold-ported-barrel-manual-thumb-safety,https://cdn11.bigcommerce.com/s-c7gr8wg3cg/products/203/images/2033/13227-pc-OnWhite-Left2__17588.1675178466.220.290.png?c=1,Smith & Wesson,SHIELD EZ SERIES,PERFORMANCE CENTER® M&P®9 SHIELD EZ® GOLD PORTED BARREL MANUAL THUMB SAFETY,9MM,BLACK,7.00,,13227,,$643.00,MICRO-COMPACT,2.26,2.62,70
,https://www.smith-wesson.com/product/performance-center-m-p-9-shield-ez-gold-ported-barrel-no-thumb-safety,https://cdn11.bigcommerce.com/s-c7gr8wg3cg/products/214/images/1970/13228-pc-OnWhite-Left__36922.1675178310.220.290.png?c=1,Smith & Wesson,SHIELD EZ SERIES,PERFORMANCE CENTER® M&P®9 SHIELD EZ® GOLD PORTED BARREL NO THUMB SAFETY,9MM,BLACK,7.00,,13228,,$643.00,MICRO-COMPACT,2.26,2.62,70
,https://www.smith-wesson.com/product/m-p-9-shield-plus-thumb-safety,https://cdn11.bigcommerce.com/s-c7gr8wg3cg/products/225/images/2623/13246-mp-OnWhite-Left__94090.1675178241.220.290.png?c=1,Smith & Wesson,SHIELD PLUS SERIES,M&P 9 SHIELD PLUS THUMB SAFETY,9MM,BLACK,6.10,,13246,,$499.00,MICRO-COMPACT,1.69,2.73,18
,https://www.smith-wesson.com/product/m-p-9-shield-plus-thumb-safety-10rd,https://cdn11.bigcommerce.com/s-c7gr8wg3cg/products/504/images/659/13249-mp-OnWhite-Left__24416.1675175738.220.290.png?c=1,Smith & Wesson,SHIELD PLUS SERIES,M&P 9 SHIELD PLUS THUMB SAFETY 10RD,9MM,BLACK,6.10,,13247,,$499.00,MICRO-COMPACT,1.69,2.71,18
,https://www.smith-wesson.com/product/m-p-9-shield-plus,https://cdn11.bigcommerce.com/s-c7gr8wg3cg/products/251/images/2617/13251-mp-OnWhite-Left__11024.1675178055.220.290.png?c=1,Smith & Wesson,SHIELD PLUS SERIES,M&P 9 SHIELD PLUS,9MM,BLACK,6.10,,13248,,$499.00,MICRO-COMPACT,2.10,2.73,50
,https://www.smith-wesson.com/product/m-p-9-shield-plus-10rd,https://cdn11.bigcommerce.com/s-c7gr8wg3cg/products/501/images/665/13247-mp-OnWhite-Left__75716.1675175745.220.290.png?c=1,Smith & Wesson,SHIELD PLUS SERIES,M&P 9 SHIELD PLUS 10RD,9MM,BLACK,6.10,,13249,,$499.00,MICRO-COMPACT,1.69,3.59,28
,https://www.smith-wesson.com/product/performance-center-m-p-9-shield-plus-crimson-trace,https://cdn11.bigcommerce.com/s-c7gr8wg3cg/products/251/images/2617/13251-mp-OnWhite-Left__11024.1675178055.220.290.png?c=1,Smith & Wesson,SHIELD PLUS SERIES,PERFORMANCE CENTER® M&P 9 SHIELD PLUS CRIMSON TRACE,9MM,BLACK,7.00,,13251,,$879.00,MICRO-COMPACT,1.99,2.78,36
,https://www.smith-wesson.com/product/performance-center-m-p-9-shield-plus,https://cdn11.bigcommerce.com/s-c7gr8wg3cg/products/262/images/3761/13252-pc-OnWhite-Left__90956.1685117412.220.290.png?c=1,Smith & Wesson,SHIELD PLUS SERIES,PERFORMANCE CENTER® M&P 9 SHIELD PLUS,9MM,BLACK,7.00,,13252,,$630.00,MICRO-COMPACT,1.99,2.78,36
,https://www.smith-wesson.com/product/performance-center-m-p-9-shield-plus-crimson-trace-ported,https://cdn11.bigcommerce.com/s-c7gr8wg3cg/products/506/images/2605/13253-pc-OnWhite-Left__92217.1675175730.220.290.png?c=1,Smith & Wesson,SHIELD PLUS SERIES,PERFORMANCE CENTER® M&P 9 SHIELD PLUS CRIMSON TRACE PORTED,9MM,BLACK,7.00,,13253,,$889.00,MICRO-COMPACT,1.99,2.78,36
,https://www.smith-wesson.com/product/performance-center-m-p-9-shield-plus-thumb-safety,https://cdn11.bigcommerce.com/s-c7gr8wg3cg/products/273/images/2611/13254-pc-OnWhite-Left__12221.1675177827.220.290.png?c=1,Smith & Wesson,SHIELD PLUS SERIES,PERFORMANCE CENTER® M&P 9 SHIELD PLUS THUMB SAFETY,9MM,BLACK,6.10,,13254,,$623.00,MICRO-COMPACT,2.40,2.78,84
,https://www.smith-wesson.com/product/performance-center-m-p-9-shield-plus-with-carry-kit,https://cdn11.bigcommerce.com/s-c7gr8wg3cg/products/285/images/1550/13255-pc-OnWhite-Left1__97432.1670881616.220.290.png?c=1,Smith & Wesson,SHIELD PLUS SERIES,PERFORMANCE CENTER® M&P 9 SHIELD PLUS WITH CARRY KIT,9MM,BLACK,6.10,,13255,,$653.00,MICRO-COMPACT,2.40,2.78,84
,https://www.smith-wesson.com/product/mp57,https://cdn11.bigcommerce.com/s-c7gr8wg3cg/products/745/images/3322/13347-OnWhite-Left__97319.1673391862.220.290.png?c=1,Smith & Wesson,M&P 5.7 SERIES,M&P® 5.7 WITH THUMB SAFETY,5.7X28,BLACK,8.50,,13347,,$699.00,FULL,2.67,2.75,90
,https://www.smith-wesson.com/product/mp-57-no-safety,https://cdn11.bigcommerce.com/s-c7gr8wg3cg/products/746/images/3365/13348-OnWhite-Left__97217.1673913386.220.290.jpg?c=1,Smith & Wesson,M&P 5.7 SERIES,M&P® 5.7 NO THUMB SAFETY,5.7X28,BLACK,8.50,,13348,,$699.00,FULL,2.67,2.94,96
35,https://www.smith-wesson.com/product/m-p-10mm-m2.0-optics-ready-slide,https://cdn11.bigcommerce.com/s-c7gr8wg3cg/products/296/images/1503/13387-mp-OnWhite-Left__35661.1675177699.220.290.png?c=1,Smith & Wesson,M&P 2.0 FULL SIZE SERIES,M&P® 10MM M2.0 OPTICS READY SLIDE,9MM,BLACK,7.90,,13387,,$669.00,FULL,2.62,2.79,92
36,https://www.smith-wesson.com/product/m-p-10mm-m2.0-thumb-safety-optics-ready-slide,https://cdn11.bigcommerce.com/s-c7gr8wg3cg/products/308/images/1432/13388-mp-OnWhite-Left__39669.1675177591.220.290.png?c=1,Smith & Wesson,M&P 2.0 FULL SIZE SERIES,M&P® 10MM M2.0 THUMB SAFETY OPTICS READY SLIDE ,10MM,BLACK,7.90,,13388,,$669.00,FULL,2.65,2.79,92
22,https://www.smith-wesson.com/product/m-p-10mm-m2.0-optics-ready-slide-4-barrel,https://cdn11.bigcommerce.com/s-c7gr8wg3cg/products/199/images/2061/13389-mp-OnWhite-Left__30544.1675178497.220.290.png?c=1,Smith & Wesson,M&P 2.0 FULL SIZE SERIES,"M&P® 10MM M2.0 OPTICS READY SLIDE 4"" BARREL",10MM,BLACK,7.20,,13389,,$659.00,FULL,2.55,2.75,90
26,https://www.smith-wesson.com/product/m-p-10mm-m2.0-thumb-safety-optics-ready-slide-4-barrel,https://cdn11.bigcommerce.com/s-c7gr8wg3cg/products/210/images/1995/13390-mp-OnWhite-Left__44555.1675178432.220.290.png?c=1,Smith & Wesson,M&P 2.0 FULL SIZE SERIES,M&P® 380 SHIELD EZ®,10MM,BLACK,7.20,,13390,,$659.00,FULL,2.35,2.62,78
,https://www.smith-wesson.com/product/shield-ez-13458,https://cdn11.bigcommerce.com/s-c7gr8wg3cg/products/221/images/1933/13458-sw-OnWhite-Left__18419.1675178274.220.290.png?c=1,Smith & Wesson,SHIELD EZ SERIES,S&W® SHIELD EZ® THUMB SAFETY 30 SUPER CARRY,30 SUPER CARRY,BLACK,6.80,,13458,,$521.00,MICRO-COMPACT,2.43,2.58,86
,https://www.smith-wesson.com/product/shield-ez-13459,https://cdn11.bigcommerce.com/s-c7gr8wg3cg/products/230/images/1886/13459-sw-OnWhite-Left__68797.1675178214.220.290.png?c=1,Smith & Wesson,SHIELD EZ SERIES,S&W® SHIELD EZ® 30 SUPER CARRY,30 SUPER CARRY,BLACK,6.80,,13459,,$521.00,MICRO-COMPACT,2.43,3.41,100
,https://www.smith-wesson.com/product/s-w-shield-plus-or-30-super-carry,https://cdn11.bigcommerce.com/s-c7gr8wg3cg/products/254/images/1760/13474-sw-OnWhite-Left-Flush__76289.1675178036.220.290.png?c=1,Smith & Wesson,SHIELD PLUS SERIES,S&W® SHIELD PLUS OR THUMB SAFETY 30 SUPER CARRY,30 SUPER CARRY,BLACK,6.10,,13473,,$549.00,MICRO-COMPACT,1.72,2.75,18
,https://www.smith-wesson.com/product/s-w--shield-plus-or-thumb-safety-30-super-carry,https://cdn11.bigcommerce.com/s-c7gr8wg3cg/products/242/images/3755/13473-sw-OnWhite-Left-Flush__63001.1685117248.220.290.png?c=1,Smith & Wesson,SHIELD PLUS SERIES,S&W® SHIELD PLUS OR THUMB SAFETY 30 SUPER CARRY,30 SUPER CARRY,BLACK,6.10,,13474,,$549.00,MICRO-COMPACT,1.72,2.58,14
,https://www.smith-wesson.com/product/m-p-9-shield-plus-optics-ready,https://cdn11.bigcommerce.com/s-c7gr8wg3cg/products/383/images/993/13534-mp-OnWhite-Left__88288.1675176506.220.290.png?c=1,Smith & Wesson,SHIELD PLUS SERIES,M&P®9 SHIELD PLUS OPTICS READY,9MM,BLACK,6.10,,13534,,$549.00,MICRO-COMPACT,2.09,2.75,50
,https://www.smith-wesson.com/product/m-p-9-shield-plus-optics-ready-thumb-safety,https://cdn11.bigcommerce.com/s-c7gr8wg3cg/products/387/images/2474/13536-mp-OnWhite-Left__09579.1675176319.220.290.png?c=1,Smith & Wesson,SHIELD PLUS SERIES,M&P®9 SHIELD PLUS OPTICS READY THUMB SAFETY,9MM,BLACK,6.10,,13536,,$549.00,MICRO-COMPACT,2.09,2.75,50
,https://www.smith-wesson.com/product/m-p-9-shield-plus-optics-ready-10-1-round,https://cdn11.bigcommerce.com/s-c7gr8wg3cg/products/393/images/3773/13558-mp-OnWhite-Left__37804.1685121880.220.290.png?c=1,Smith & Wesson,SHIELD PLUS SERIES,M&P®9 SHIELD PLUS OPTICS READY THUMB SAFETY,9MM,BLACK,6.10,,13558,,$549.00,MICRO-COMPACT,2.09,2.75,50
,https://www.smith-wesson.com/product/m-p-9-shield-plus-optics-ready-thumb-safety-10-1-round,https://cdn11.bigcommerce.com/s-c7gr8wg3cg/products/397/images/3779/13559-mp-OnWhite-Left__57142.1685121992.220.290.png?c=1,Smith & Wesson,SHIELD PLUS SERIES,M&P®9 SHIELD PLUS OPTICS READY THUMB SAFETY 10+1 ROUND,9MM,BLACK,6.10,,13559,,$549.00,MICRO-COMPACT,1.70,2.75,18
21,https://www.smith-wesson.com/product/m-p-9-m2.0-4-inch-optics-ready-no-thumb-safety-compact-series,https://cdn11.bigcommerce.com/s-c7gr8wg3cg/products/403/images/926/13563-mp-OnWhite-Left__27003.1675176251.220.290.png?c=1,Smith & Wesson,M&P 2.0 COMPACT SERIES,M&P®9 M2.0 4 INCH OPTICS READY NO THUMB SAFETY COMPACT SERIES,9MM,BLACK,7.25,,13563,,$654.00,COMPACT,2.07,2.71,50
41,https://www.smith-wesson.com/product/m-p-9-m2.0-optics-ready-full-size-series,https://cdn11.bigcommerce.com/s-c7gr8wg3cg/products/410/images/891/13564-mp-OnWhite-Left__79535.1675176219.220.290.png?c=1,Smith & Wesson,M&P 2.0 FULL SIZE SERIES,M&P®9 M2.0 OPTICS READY FULL SIZE SERIES,10MM,BLACK,7.40,,13564,,$669.00,FULL,2.50,2.67,88
42,https://www.smith-wesson.com/product/m-p-9-m2.0-thumb-safety-optics-ready-full-size-series,https://cdn11.bigcommerce.com/s-c7gr8wg3cg/products/412/images/879/13567-mp-OnWhite-Left__46697.1675176204.220.290.png?c=1,Smith & Wesson,M&P 2.0 FULL SIZE SERIES,M&P®9 M2.0 THUMB SAFETY OPTICS READY FULL SIZE SERIES,9MM,BLACK,7.40,,13567,,$669.00,FULL,2.44,2.68,88
22,https://www.smith-wesson.com/product/m-p-9-m2.0-4-inch-optics-ready-thumb-safety-compact-series,https://cdn11.bigcommerce.com/s-c7gr8wg3cg/products/416/images/856/13568-mp-OnWhite-Left__50597.1675176155.220.290.png?c=1,Smith & Wesson,M&P 2.0 COMPACT SERIES,M&P®9 M2.0 4 INCH OPTICS READY THUMB SAFETY COMPACT SERIES,9MM,BLACK,7.25,,13568,,$659.00,COMPACT,2.07,2.71,50
6,https://www.smith-wesson.com/product/m-p-9-m2.0-optics-ready-full-size-fde,https://cdn11.bigcommerce.com/s-c7gr8wg3cg/products/420/images/835/13569_mp-OnWhite-Left__13831.1675176135.220.290.png?c=1,Smith & Wesson,M&P 2.0 FULL SIZE SERIES,M&P®9 M2.0 OPTICS READY FULL SIZE FDE,9MM,FDE,8.25,,13569,,$669.00,FULL,2.29,2.53,68
24,https://www.smith-wesson.com/product/m-p-9-m2.0-3.6-inch-thumb-safety-optics-ready-compact-series,https://cdn11.bigcommerce.com/s-c7gr8wg3cg/products/558/images/2691/13570-mp-OnWhite-Left__06884.1675175498.220.290.png?c=1,Smith & Wesson,M&P 2.0 COMPACT SERIES,M&P®9 M2.0 3.6 INCH THUMB SAFETY OPTICS READY COMPACT SERIES,9MM,BLACK,6.80,,13570,,$659.00,COMPACT,2.04,2.65,40
23,https://www.smith-wesson.com/product/m-p-9-m2.0-3.6-inch-no-thumb-safety-optics-ready-compact-series,https://cdn11.bigcommerce.com/s-c7gr8wg3cg/products/556/images/2702/13571-mp-OnWhite-Left__83769.1675175515.220.290.png?c=1,Smith & Wesson,M&P 2.0 COMPACT SERIES,M&P®9 M2.0 3.6 INCH NO THUMB SAFETY OPTICS READY COMPACT SERIES,9MM,BLACK,6.80,,13571,,$659.00,COMPACT,2.05,2.67,40
25,https://www.smith-wesson.com/product/m-p-9-m2.0-4-inch-optics-ready-no-thumb-safety-flat-dark-earth-compact-series,https://cdn11.bigcommerce.com/s-c7gr8wg3cg/products/559/images/2685/13572-mp-OnWhite-Left__94189.1675175490.220.290.png?c=1,Smith & Wesson,M&P 2.0 COMPACT SERIES,M&P®9 M2.0 4 INCH OPTICS READY NO THUMB SAFETY FLAT DARK EARTH COMPACT SERIES,9MM,FDE,7.25,,13572,,$659.00,COMPACT,2.06,2.71,42
26,https://www.smith-wesson.com/product/m-p-9-m2.0-4-inch-optics-ready-thumb-safety-flat-dark-earth-compact-series,https://cdn11.bigcommerce.com/s-c7gr8wg3cg/products/561/images/2669/13573-mp-OnWhite-Left__61659.1675175467.220.290.png?c=1,Smith & Wesson,M&P 2.0 COMPACT SERIES,M&P®9 M2.0 4 INCH OPTICS READY THUMB SAFETY FLAT DARK EARTH COMPACT SERIES,9MM,FDE,7.25,,13573,,$659.00,COMPACT,2.07,2.73,50
43,https://www.smith-wesson.com/product/m-p-9-m2.0-threaded-barrel-optics-ready-full-size,https://cdn11.bigcommerce.com/s-c7gr8wg3cg/products/425/images/808/13585-mp-OnWhite-Left__11120.1675174581.220.290.png?c=1,Smith & Wesson,M&P 2.0 FULL SIZE SERIES,M&P®9 M2.0 THREADED BARREL OPTICS READY FULL SIZE,9MM,BLACK,7.90,,13585,,$669.00,FULL,2.43,2.65,88
54,https://www.smith-wesson.com/product/m-p-45-m2.0-threaded-barrel-optics-ready-full-size,https://cdn11.bigcommerce.com/s-c7gr8wg3cg/products/554/images/2715/13586-mp-OnWhite-Left__51719.1675175526.220.290.png?c=1,Smith & Wesson,M&P 2.0 FULL SIZE SERIES,M&P®45 M2.0® THREADED BARREL OPTICS READY FULL SIZE,9MM,BLACK,8.50,,13586,,$679.00,FULL,2.41,2.65,80
,https://www.smith-wesson.com/product/s-w-equalizer-ts,https://cdn11.bigcommerce.com/s-c7gr8wg3cg/products/426/images/804/13591-sw-OnWhite_Left_10rnd__18815.1675174573.220.290.png?c=1,Smith & Wesson,EQUALIZER SERIES,S&W® EQUALIZER TS,9MM,BLACK,6.75,,13591,,$599.00,MICRO-COMPACT,1.62,2.20,10
,https://www.smith-wesson.com/product/s-w-equalizer-nts,https://cdn11.bigcommerce.com/s-c7gr8wg3cg/products/557/images/2699/13592-sw-OnWhite_L_10rnd__00688.1675175506.220.290.png?c=1,Smith & Wesson,EQUALIZER SERIES,S&W® EQUALIZER NTS,9MM,BLACK,6.75,,13592,,$599.00,MICRO-COMPACT,1.51,2.20,10
,https://www.smith-wesson.com/product/s-w-csx-9mm,https://cdn11.bigcommerce.com/s-c7gr8wg3cg/products/114/images/388/12615-sw-OnWhite-Left1__94343.1667396348.220.290.png?c=1,Smith & Wesson,CSX SERIES,S&W® CSX 9MM 10RD,9MM,BLACK,6.10,,13661,,$609.00,MICRO-COMPACT,1.78,2.52,12
5,https://www.smith-wesson.com/product/performance-center-m-p-9-m2.0-competitor-2-tone-10-rounds,https://cdn11.bigcommerce.com/s-c7gr8wg3cg/products/429/images/783/13717-OnWhite-Left__22765.1675174555.220.290.png?c=1,Smith & Wesson,M&P 2.0 FULL SIZE SERIES,PERFORMANCE CENTER® M&P®9 M2.0 COMPETITOR 2 TONE 10 ROUNDS,45 AUTO,TWO TONE,8.25,,13717,,$999.00,FULL,2.35,2.40,74
2,https://www.smith-wesson.com/product/performance-center-m-p-9-m2.0-competitor-2-tone-17-rounds,https://cdn11.bigcommerce.com/s-c7gr8wg3cg/products/212/images/1981/13718-OnWhite-Left__19431.1675178320.220.290.png?c=1,Smith & Wesson,M&P 2.0 FULL SIZE SERIES,PERFORMANCE CENTER® M&P®9 M2.0 COMPETITOR 2 TONE 17 ROUNDS,9MM,TWO TONE,8.25,,13718,,$999.00,FULL,2.35,2.40,74
,https://www.smith-wesson.com/product/sw-equalizer-compliant-10-rd,https://cdn11.bigcommerce.com/s-c7gr8wg3cg/products/763/images/3513/13591-sw-OnWhite_Left_10rnd__37608.1680639357.220.290.png?c=1,Smith & Wesson,EQUALIZER SERIES,S&W® EQUALIZER Compliant 10 RD,9MM,BLACK,6.75,,13732,,$599.00,MICRO-COMPACT,1.61,2.34,10
1,https://www.smith-wesson.com/product/performance-center-mp-10mm-pistol,https://cdn11.bigcommerce.com/s-c7gr8wg3cg/products/956/images/3688/13915-mp-OnWhite_Left__66661.1683043152.220.290.png?c=1,Smith & Wesson,M&P 2.0 FULL SIZE SERIES,Performance Center M&P® 10mm M2.0 Pistol,9MM,BLACK,8.60,,13915,,$749.00,FULL,2.45,2.73,90
,https://www.smith-wesson.com/product/m-p-22-compact,https://cdn11.bigcommerce.com/s-c7gr8wg3cg/products/284/images/1560/108390-mp-OnWhite-Left__81051.1675177766.220.290.png?c=1,Smith & Wesson,M&P 22 COMPACT SERIES,M&P®22 COMPACT,22 LR,BLACK,6.67,,108390,,$417.00,COMPACT,2.26,2.58,70
,https://www.smith-wesson.com/product/sw1911ta-e-series-tactical-accessory-rail,https://cdn11.bigcommerce.com/s-c7gr8wg3cg/products/294/images/1514/108411-sw-OnWhite-Left__86320.1675177711.220.290.png?c=1,Smith & Wesson,SW1911 SERIES,SW1911TA E-SERIES TACTICAL ACCESSORY RAIL,45 AUTO,SILVER,8.70,,108411,,"$1,532.00",FULL,2.78,2.76,90
,https://www.smith-wesson.com/product/sw1911-e-series,https://cdn11.bigcommerce.com/s-c7gr8wg3cg/products/306/images/1437/108482-sw-OnWhite-Left__86098.1675177601.220.290.png?c=1,Smith & Wesson,SW1911 SERIES,SW1911 E-SERIES,45 AUTO,SILVER,8.70,,108482,,"$1,089.00",FULL,2.78,2.83,92
,https://www.smith-wesson.com/product/sw1911sc-e-series-round-butt-scandium-frame,https://cdn11.bigcommerce.com/s-c7gr8wg3cg/products/317/images/1372/108483-sw-OnWhite-Left__63041.1675177049.220.290.png?c=1,Smith & Wesson,SW1911 SERIES,SW1911SC E-SERIES ROUND BUTT SCANDIUM FRAME,45 AUTO,BLACK,7.95,,108483,,"$1,584.00",FULL,2.46,2.78,92
,https://www.smith-wesson.com/product/sw1911sc-e-series-round-butt-scandium-frame-silver-black,https://cdn11.bigcommerce.com/s-c7gr8wg3cg/products/521/images/642/108485-sw-OnWhite-Left__19340.1675175707.220.290.png?c=1,Smith & Wesson,SW1911 SERIES,SW1911SC E-SERIES ROUND BUTT SCANDIUM FRAME SILVER/BLACK,SCANDIUM,SILVER,7.95,,108485,,"$1,584.00",WOOD,2.48,2.78,92
8,https://www.smith-wesson.com/product/sw22-victory-,https://cdn11.bigcommerce.com/s-c7gr8wg3cg/products/327/images/1322/108490_01_lg_0__45641.1670862413.220.290.jpg?c=1,Smith & Wesson,SW22 VICTORY SERIES,SW22 VICTORY®,22 LR,SILVER,9.20,,108490,,$454.00,FULL,2.52,2.62,86
3,https://www.smith-wesson.com/product/m-p-bodyguard-380,https://cdn11.bigcommerce.com/s-c7gr8wg3cg/products/334/images/1283/109381-mp-OnWhite-Left__81305.1675176946.220.290.png?c=1,Smith & Wesson,BODYGUARD 380 SERIES,M&P® BODYGUARD® 380 ENGRAVED,380 AUTO,BLACK,5.25,,109381,,$396.00,MICRO,1.27,3.62,28
,https://www.smith-wesson.com/product/s-w-sd40-ve-low-capacity,https://cdn11.bigcommerce.com/s-c7gr8wg3cg/products/340/images/1249/123400-sw-OnWhite-Left__16369.1675176839.220.290.png?c=1,Smith & Wesson,SDVE SERIES,S&W SD40 VE LOW CAPACITY,40 S&W,TWO TONE,7.20,,123400,,$406.00,COMPACT,2.47,2.61,86
,https://www.smith-wesson.com/product/s-w-sd40-ve-compliant,https://cdn11.bigcommerce.com/s-c7gr8wg3cg/products/346/images/1205/123403-sw-OnWhite-Left__17227.1675176794.220.290.png?c=1,Smith & Wesson,SDVE SERIES,S&W SD40 VE COMPLIANT,40 S&W,TWO TONE,7.20,,123403,,$433.00,COMPACT,2.47,2.61,86
,https://www.smith-wesson.com/product/s-w-sd9-ve-low-capacity,https://cdn11.bigcommerce.com/s-c7gr8wg3cg/products/352/images/1169/123900-sw-OnWhite-Left__11865.1675176748.220.290.png?c=1,Smith & Wesson,SDVE SERIES,S&W SD9 VE LOW CAPACITY,9MM,TWO TONE,7.20,,123900,,$406.00,COMPACT,2.50,2.56,86
,https://www.smith-wesson.com/product/s-w-sd9-ve-compliant-10lb-trigger,https://cdn11.bigcommerce.com/s-c7gr8wg3cg/products/563/images/2660/123902_01_lg_3__97150.1671208713.220.290.jpg?c=1,Smith & Wesson,SDVE SERIES,S&W SD9 VE COMPLIANT 10LB TRIGGER,9MM,TWO TONE,7.20,,123902,,$406.00,COMPACT,2.50,2.56,86
,https://www.smith-wesson.com/product/s-w-sd9-ve-compliant,https://cdn11.bigcommerce.com/s-c7gr8wg3cg/products/238/images/1843/123903-sw-OnWhite-Left__02078.1675178177.220.290.png?c=1,Smith & Wesson,SDVE SERIES,S&W SD9 VE COMPLIANT,9MM,TWO TONE,7.20,,123903,,$406.00,COMPACT,2.50,2.56,86
,https://www.smith-wesson.com/product/model-41,https://cdn11.bigcommerce.com/s-c7gr8wg3cg/products/253/images/2641/130511-sw-OnWhite-Left__43902.1675178042.220.290.png?c=1,Smith & Wesson,Model 41 Series,MODEL 41,22 LR,BLACK,10.50,,130511,,"$1,500.00",FULL,2.63,3.14,100
,https://www.smith-wesson.com/product/model-41-7-barrel,https://cdn11.bigcommerce.com/s-c7gr8wg3cg/products/378/images/2636/130512-sw-OnWhite-Left__56013.1675176532.220.290.png?c=1,Smith & Wesson,Model 41 Series,"MODEL 41 7"" BARREL",22 LR,BLACK,12.00,,130512,,"$1,500.00",FULL,2.63,3.14,100
,https://www.smith-wesson.com/product/performance-center-model-sw1911-5-barrel-blue-grip,https://cdn11.bigcommerce.com/s-c7gr8wg3cg/products/474/images/566/170343_01_lg_0_ballistic__33857.1670526038.220.290.png?c=1,Smith & Wesson,SW1911 SERIES,"PERFORMANCE CENTER® MODEL SW1911 5"" BARREL BLUE GRIP",45 AUTO,SILVER,8.70,,170343,,"$1,731.00",FULL,2.42,2.76,90
,https://www.smith-wesson.com/product/sw1911-170344,https://cdn11.bigcommerce.com/s-c7gr8wg3cg/products/476/images/556/170344-pc-OnWhite-Left__96043.1670525898.220.290.png?c=1,Smith & Wesson,SW1911 SERIES,"PERFORMANCE CENTER® MODEL SW1911 4.25"" BARREL BROWN GRIP",45 AUTO,SILVER,7.90,,170344,,"$1,731.00",FULL,2.86,2.75,90
,https://www.smith-wesson.com/product/sw1911-178017,https://cdn11.bigcommerce.com/s-c7gr8wg3cg/products/485/images/505/178017-pc-OnWhite-Left__53002.1670524194.220.290.png?c=1,Smith & Wesson,SW1911 SERIES,PERFORMANCE CENTER® SW1911 PRO SERIES® BROWN GRIP,9MM,SILVER,8.70,,178017,,"$1,721.00",FULL,2.96,2.77,90
,https://www.smith-wesson.com/product/sw1911-178020,https://cdn11.bigcommerce.com/s-c7gr8wg3cg/products/486/images/457/178020_01_lg_0__90186.1670518407.220.290.jpg?c=1,Smith & Wesson,SW1911 SERIES,PERFORMANCE CENTER® SW1911 PRO SERIES® BLACK,45 AUTO,BLACK,6.90,,178020,,"$1,353.00",SUBCOMPACT,2.52,2.74,90
,https://www.smith-wesson.com/product/model-41,https://cdn11.bigcommerce.com/s-c7gr8wg3cg/products/487/images/499/178031_01_lg_0__33744.1670523900.220.290.jpg?c=1,Smith & Wesson,Model 41 Series,PERFORMANCE CENTER® MODEL 41,22 LR,BLACK,10.50,,178031,,"$1,763.00",FULL,2.96,3.10,98
,https://www.smith-wesson.com/product/sw1911-178047,https://cdn11.bigcommerce.com/s-c7gr8wg3cg/products/322/images/3826/178047_OnWhite-Left___41445.1685995598.220.290.png?c=1,Smith & Wesson,SW1911 SERIES,PERFORMANCE CENTER® SW1911 PRO SERIES®,9MM,SILVER,8.70,,178047,,"$1,752.00",FULL,1.80,2.81,20
,https://www.smith-wesson.com/product/sw1911-178053,https://cdn11.bigcommerce.com/s-c7gr8wg3cg/products/330/images/1307/178053-pc-OnWhite-Left__11478.1670860824.220.290.png?c=1,Smith & Wesson,SW1911 SERIES,PERFORMANCE CENTER® SW1911 PRO SERIES® 9MM,9MM,BLACK,6.90,,178053,,"$1,481.00",SUBCOMPACT,2.23,2.74,66
,https://www.smith-wesson.com/product/shield-m20-180022,https://cdn11.bigcommerce.com/s-c7gr8wg3cg/products/341/images/1245/180022_01_lg_10__94989.1670856898.220.290.jpg?c=1,Smith & Wesson,SHIELD M2.0 SERIES,M&P®45 SHIELD M2.0 THUMB SAFETY,45 AUTO,BLACK,6.45,,180022,,$505.00,MICRO-COMPACT,1.64,3.58,28
,https://www.smith-wesson.com/product/shield-ez-180023,https://cdn11.bigcommerce.com/s-c7gr8wg3cg/products/349/images/1187/180023-mp-OnWhite-Left__61673.1675176780.220.290.png?c=1,Smith & Wesson,SHIELD EZ SERIES,M&P® 380 SHIELD EZ® MANUAL THUMB SAFETY,380 AUTO,BLACK,6.70,,180023,,$454.00,MICRO-COMPACT,2.35,2.58,78
,https://www.smith-wesson.com/product/m-p-40-shield-compliant,https://cdn11.bigcommerce.com/s-c7gr8wg3cg/products/355/images/1149/187020_01_lg_5__36057.1670852591.220.290.jpg?c=1,Smith & Wesson,SHIELD SERIES,M&P®40 SHIELD COMPLIANT,40 S&W,BLACK,6.10,,187020,,$512.00,MICRO-COMPACT,1.68,3.58,28
,https://www.smith-wesson.com/product/m-p-9-shield-compliant,https://cdn11.bigcommerce.com/s-c7gr8wg3cg/products/359/images/1136/187021-mp-OnWhite-Left__39237.1675176627.220.290.png?c=1,Smith & Wesson,SHIELD SERIES,M&P®9 SHIELD COMPLIANT,9MM,BLACK,6.10,,187021,,$512.00,MICRO-COMPACT,2.10,2.60,46
,https://www.smith-wesson.com/product/s-w-sd40-ve---std-capacity,https://cdn11.bigcommerce.com/s-c7gr8wg3cg/products/406/images/913/223400_01_lg_4__47827.1670610896.220.290.jpg?c=1,Smith & Wesson,SDVE SERIES,S&W SD40 VE - STD CAPACITY,40 S&W,TWO TONE,7.20,,223400,,$406.00,COMPACT,2.47,2.61,86
,https://www.smith-wesson.com/product/s-w-sd9-ve-std-capacity,https://cdn11.bigcommerce.com/s-c7gr8wg3cg/products/360/images/1127/223900-sw-OnWhite-Left_0__64569.1670851450.220.290.png?c=1,Smith & Wesson,SDVE SERIES,S&W SD9 VE STD CAPACITY,9MM,TWO TONE,7.20,,223900,,$406.00,COMPACT,2.50,2.56,86